,firstname,lastname,email,phone,birthday,gender,website,image,address.street,address.streetName,address.buildingNumber,address.city,address.zipcode,address.country,address.county_code,address.latitude,address.longitude
0,Carroll,Rau,casimir.cremin@hotmail.com,+8157165186429,2007-08-09,male,http://jacobs.org,http://placeimg.com/640/480/people,37995 Tanner Fall Apt. 452,Morton Plains,871,Lavadaburgh,64736-0959,Chad,AU,-31.354311,114.72496
1,Meagan,Rutherford,jerry21@hotmail.com,+4049028395603,1944-07-09,female,http://damore.info,http://placeimg.com/640/480/people,35409 Hahn Islands Suite 060,Mills Spring,31607,North Orlo,89023,Chad,JM,28.350752,48.5887
2,Brendan,Swift,ricardo.doyle@yahoo.com,+6876197785416,1984-05-19,male,http://gorczany.net,http://placeimg.com/640/480/people,5260 Sawayn Mills,Feeney Forks,7344,North Bernieceborough,70165,Malaysia,NC,45.727611,-153.036103
3,Jamey,Cormier,nrowe@kautzer.biz,+1863621324408,2002-05-09,male,http://mayert.biz,http://placeimg.com/640/480/people,60456 Karolann Lights Apt. 128,Violet Cove,88178,Bradtkeview,05927-8298,Taiwan,GI,86.594039,96.594637
4,Elisha,Feeney,dejuan.conroy@price.com,+6122108934673,1973-10-25,female,http://kihn.com,http://placeimg.com/640/480/people,575 Kling Ways Suite 251,Dach Key,3207,New Darryl,86022-5626,United States Virgin Islands,NA,17.134446,125.078846
5,River,Gaylord,alejandra20@hotmail.com,+1021486024693,1935-10-08,female,http://kirlin.net,http://placeimg.com/640/480/people,407 Westley Forest,Glover Underpass,2341,Kozeytown,19112-2061,Faroe Islands,GA,71.249313,-42.997426
6,Orland,Murazik,jade92@yahoo.com,+6604315965183,1962-11-28,male,http://upton.com,http://placeimg.com/640/480/people,1081 Easton Station,Larson Plains,539,New Carmelaburgh,04824,Falkland Islands (Malvinas),MV,17.384537,21.697128
7,Marisol,Hahn,hipolito.carroll@runte.net,+8554465825479,1968-02-21,female,http://oconner.biz,http://placeimg.com/640/480/people,103 Jenkins Road,Larson Row,854,Binsberg,71985-1194,Mongolia,MY,-37.833239,52.573476
8,Clotilde,Stokes,nbins@gmail.com,+7595000633485,1980-11-09,female,http://renner.net,http://placeimg.com/640/480/people,78160 Reynolds Stravenue Apt. 543,Angelina Lock,57134,New Hulda,98521-7402,Luxembourg,NP,39.448749,179.941777
9,Sarah,Gottlieb,corbin.hane@yahoo.com,+4093653960935,1969-03-03,female,http://koelpin.com,http://placeimg.com/640/480/people,99516 Enrico Village,Rice Ridge,183,North Natalie,44882-9626,Mongolia,GY,61.725289,144.001719
